hgvs	count
p.(M1F)	3
p.(M1L)	3
p.(M1I)	0
p.(M1M)	0
p.(M1V)	0
p.(M1S)	0
p.(M1P)	5
p.(M1T)	3
p.(M1A)	0
p.(M1Y)	0
p.(M1X)	4
p.(M1H)	0
p.(M1Q)	5
p.(M1N)	0
p.(M1K)	3
p.(M1D)	3
p.(M1E)	3
p.(M1C)	0
p.(M1W)	0
p.(M1R)	0
p.(M1G)	0
p.(S2F)	10
p.(S2L)	11
p.(S2I)	8
p.(S2M)	8
p.(S2V)	14
p.(S2S)	6
p.(S2P)	12
p.(S2T)	7
p.(S2A)	6
p.(S2Y)	0
p.(S2X)	9
p.(S2H)	3
p.(S2Q)	4
p.(S2N)	0
p.(S2K)	0
p.(S2D)	10
p.(S2E)	6
p.(S2C)	6
p.(S2W)	5
p.(S2R)	8
p.(S2G)	7
p.(E3F)	3
p.(E3L)	8
p.(E3I)	0
p.(E3M)	5
p.(E3V)	9
p.(E3S)	9
p.(E3P)	9
p.(E3T)	0
p.(E3A)	7
p.(E3Y)	4
p.(E3X)	8
p.(E3H)	0
p.(E3Q)	5
p.(E3N)	0
p.(E3K)	22
p.(E3D)	7
p.(E3E)	0
p.(E3C)	8
p.(E3W)	12
p.(E3R)	5
p.(E3G)	11
p.(N4F)	9
p.(N4L)	11
p.(N4I)	50
p.(N4M)	11
p.(N4V)	11
p.(N4S)	8
p.(N4P)	6
p.(N4T)	10
p.(N4A)	0
p.(N4Y)	10
p.(N4X)	6
p.(N4H)	11
p.(N4Q)	13
p.(N4N)	0
p.(N4K)	10
p.(N4D)	14
p.(N4E)	10
p.(N4C)	6
p.(N4W)	10
p.(N4R)	4
p.(N4G)	10
p.(T5F)	7
p.(T5L)	12
p.(T5I)	9
p.(T5M)	11
p.(T5V)	17
p.(T5S)	10
p.(T5P)	7
p.(T5T)	13
p.(T5A)	7
p.(T5Y)	5
p.(T5X)	8
p.(T5H)	6
p.(T5Q)	18
p.(T5N)	3
p.(T5K)	4
p.(T5D)	8
p.(T5E)	8
p.(T5C)	11
p.(T5W)	15
p.(T5R)	16
p.(T5G)	8
p.(V6F)	11
p.(V6L)	11
p.(V6I)	17
p.(V6M)	17
p.(V6V)	0
p.(V6S)	8
p.(V6P)	12
p.(V6T)	4
p.(V6A)	13
p.(V6Y)	5
p.(V6X)	4
p.(V6H)	16
p.(V6Q)	11
p.(V6N)	6
p.(V6K)	3
p.(V6D)	8
p.(V6E)	5
p.(V6C)	29
p.(V6W)	13
p.(V6R)	12
p.(V6G)	11
p.(M7F)	14
p.(M7L)	14
p.(M7I)	3
p.(M7M)	0
p.(M7V)	15
p.(M7S)	9
p.(M7P)	10
p.(M7T)	8
p.(M7A)	8
p.(M7Y)	3
p.(M7X)	3
p.(M7H)	11
p.(M7Q)	10
p.(M7N)	10
p.(M7K)	10
p.(M7D)	12
p.(M7E)	9
p.(M7C)	7
p.(M7W)	6
p.(M7R)	9
p.(M7G)	10
p.(P8F)	301
p.(P8L)	18
p.(P8I)	5
p.(P8M)	4
p.(P8V)	5
p.(P8S)	10
p.(P8P)	0
p.(P8T)	8
p.(P8A)	8
p.(P8Y)	0
p.(P8X)	3
p.(P8H)	7
p.(P8Q)	27
p.(P8N)	0
p.(P8K)	3
p.(P8D)	10
p.(P8E)	4
p.(P8C)	10
p.(P8W)	0
p.(P8R)	14
p.(P8G)	6
p.(I9F)	17
p.(I9L)	9
p.(I9I)	0
p.(I9M)	12
p.(I9V)	9
p.(I9S)	12
p.(I9P)	6
p.(I9T)	7
p.(I9A)	0
p.(I9Y)	8
p.(I9X)	3
p.(I9H)	0
p.(I9Q)	9
p.(I9N)	4
p.(I9K)	10
p.(I9D)	0
p.(I9E)	9
p.(I9C)	7
p.(I9W)	12
p.(I9R)	9
p.(I9G)	0
p.(V10F)	5
p.(V10L)	6
p.(V10I)	19
p.(V10M)	6
p.(V10V)	0
p.(V10S)	8
p.(V10P)	3
p.(V10T)	15
p.(V10A)	15
p.(V10Y)	11
p.(V10X)	5
p.(V10H)	7
p.(V10Q)	5
p.(V10N)	11
p.(V10K)	7
p.(V10D)	0
p.(V10E)	0
p.(V10C)	8
p.(V10W)	12
p.(V10R)	8
p.(V10G)	0
p.(R11F)	11
p.(R11L)	20
p.(R11I)	7
p.(R11M)	15
p.(R11V)	4
p.(R11S)	11
p.(R11P)	8
p.(R11T)	7
p.(R11A)	9
p.(R11Y)	7
p.(R11X)	0
p.(R11H)	9
p.(R11Q)	15
p.(R11N)	13
p.(R11K)	12
p.(R11D)	3
p.(R11E)	8
p.(R11C)	7
p.(R11W)	14
p.(R11R)	11
p.(R11G)	9
p.(V12F)	13
p.(V12L)	6
p.(V12I)	17
p.(V12M)	14
p.(V12V)	0
p.(V12S)	4
p.(V12P)	0
p.(V12T)	12
p.(V12A)	6
p.(V12Y)	0
p.(V12X)	7
p.(V12H)	0
p.(V12Q)	0
p.(V12N)	0
p.(V12K)	3
p.(V12D)	3
p.(V12E)	7
p.(V12C)	9
p.(V12W)	0
p.(V12R)	0
p.(V12G)	0
p.(A13F)	10
p.(A13L)	14
p.(A13I)	8
p.(A13M)	13
p.(A13V)	7
p.(A13S)	6
p.(A13P)	0
p.(A13T)	12
p.(A13A)	0
p.(A13Y)	11
p.(A13X)	0
p.(A13H)	10
p.(A13Q)	0
p.(A13N)	12
p.(A13K)	8
p.(A13D)	13
p.(A13E)	9
p.(A13C)	10
p.(A13W)	3
p.(A13R)	0
p.(A13G)	13
p.(V14F)	19
p.(V14L)	9
p.(V14I)	0
p.(V14M)	16
p.(V14V)	0
p.(V14S)	3
p.(V14P)	3
p.(V14T)	13
p.(V14A)	7
p.(V14Y)	15
p.(V14X)	3
p.(V14H)	0
p.(V14Q)	0
p.(V14N)	0
p.(V14K)	4
p.(V14D)	4
p.(V14E)	3
p.(V14C)	16
p.(V14W)	14
p.(V14R)	4
p.(V14G)	3
p.(L15F)	3
p.(L15L)	0
p.(L15I)	14
p.(L15M)	9
p.(L15V)	12
p.(L15S)	4
p.(L15P)	3
p.(L15T)	8
p.(L15A)	4
p.(L15Y)	17
p.(L15X)	7
p.(L15H)	11
p.(L15Q)	4
p.(L15N)	9
p.(L15K)	0
p.(L15D)	3
p.(L15E)	6
p.(L15C)	7
p.(L15W)	8
p.(L15R)	6
p.(L15G)	9
p.(A16F)	11
p.(A16L)	5
p.(A16I)	23
p.(A16M)	16
p.(A16V)	15
p.(A16S)	16
p.(A16P)	8
p.(A16T)	19
p.(A16A)	0
p.(A16Y)	10
p.(A16X)	0
p.(A16H)	6
p.(A16Q)	9
p.(A16N)	7
p.(A16K)	6
p.(A16D)	18
p.(A16E)	10
p.(A16C)	19
p.(A16W)	16
p.(A16R)	7
p.(A16G)	13
p.(A17F)	17
p.(A17L)	12
p.(A17I)	0
p.(A17M)	0
p.(A17V)	12
p.(A17S)	20
p.(A17P)	7
p.(A17T)	16
p.(A17A)	0
p.(A17Y)	9
p.(A17X)	0
p.(A17H)	11
p.(A17Q)	12
p.(A17N)	9
p.(A17K)	11
p.(A17D)	9
p.(A17E)	11
p.(A17C)	10
p.(A17W)	29
p.(A17R)	5
p.(A17G)	10
p.(G18F)	14
p.(G18L)	13
p.(G18I)	6
p.(G18M)	7
p.(G18V)	0
p.(G18S)	9
p.(G18P)	8
p.(G18T)	9
p.(G18A)	0
p.(G18Y)	12
p.(G18X)	10
p.(G18H)	8
p.(G18Q)	5
p.(G18N)	15
p.(G18K)	9
p.(G18D)	0
p.(G18E)	8
p.(G18C)	17
p.(G18W)	11
p.(G18R)	4
p.(G18G)	0
p.(D19F)	8
p.(D19L)	8
p.(D19I)	7
p.(D19M)	8
p.(D19V)	5
p.(D19S)	3
p.(D19P)	0
p.(D19T)	0
p.(D19A)	22
p.(D19Y)	3
p.(D19X)	3
p.(D19H)	0
p.(D19Q)	0
p.(D19N)	13
p.(D19K)	6
p.(D19D)	0
p.(D19E)	5
p.(D19C)	0
p.(D19W)	7
p.(D19R)	3
p.(D19G)	6
p.(D20F)	0
p.(D20L)	6
p.(D20I)	0
p.(D20M)	8
p.(D20V)	5
p.(D20S)	7
p.(D20P)	0
p.(D20T)	0
p.(D20A)	3
p.(D20Y)	8
p.(D20X)	3
p.(D20H)	0
p.(D20Q)	11
p.(D20N)	6
p.(D20K)	8
p.(D20D)	0
p.(D20E)	16
p.(D20C)	3
p.(D20W)	5
p.(D20R)	0
p.(D20G)	6
p.(G21F)	8
p.(G21L)	8
p.(G21I)	13
p.(G21M)	8
p.(G21V)	10
p.(G21S)	7
p.(G21P)	3
p.(G21T)	5
p.(G21A)	0
p.(G21Y)	15
p.(G21X)	0
p.(G21H)	7
p.(G21Q)	5
p.(G21N)	10
p.(G21K)	15
p.(G21D)	0
p.(G21E)	6
p.(G21C)	3
p.(G21W)	11
p.(G21R)	0
p.(G21G)	3
p.(G22F)	4
p.(G22L)	6
p.(G22I)	0
p.(G22M)	6
p.(G22V)	7
p.(G22S)	3
p.(G22P)	0
p.(G22T)	3
p.(G22A)	0
p.(G22Y)	3
p.(G22X)	3
p.(G22H)	0
p.(G22Q)	4
p.(G22N)	8
p.(G22K)	12
p.(G22D)	10
p.(G22E)	8
p.(G22C)	5
p.(G22W)	6
p.(G22R)	5
p.(G22G)	0
p.(R23F)	5
p.(R23L)	8
p.(R23I)	0
p.(R23M)	6
p.(R23V)	0
p.(R23S)	6
p.(R23P)	0
p.(R23T)	8
p.(R23A)	0
p.(R23Y)	3
p.(R23X)	0
p.(R23H)	3
p.(R23Q)	15
p.(R23N)	7
p.(R23K)	8
p.(R23D)	3
p.(R23E)	6
p.(R23C)	4
p.(R23W)	20
p.(R23R)	0
p.(R23G)	0
p.(L24F)	21
p.(L24L)	0
p.(L24I)	14
p.(L24M)	26
p.(L24V)	15
p.(L24S)	11
p.(L24P)	0
p.(L24T)	8
p.(L24A)	0
p.(L24Y)	7
p.(L24X)	7
p.(L24H)	8
p.(L24Q)	3
p.(L24N)	17
p.(L24K)	8
p.(L24D)	3
p.(L24E)	16
p.(L24C)	18
p.(L24W)	16
p.(L24R)	0
p.(L24G)	4
p.(T25F)	4
p.(T25L)	3
p.(T25I)	6
p.(T25M)	8
p.(T25V)	12
p.(T25S)	7
p.(T25P)	6
p.(T25T)	0
p.(T25A)	4
p.(T25Y)	12
p.(T25X)	10
p.(T25H)	8
p.(T25Q)	5
p.(T25N)	10
p.(T25K)	0
p.(T25D)	15
p.(T25E)	10
p.(T25C)	8
p.(T25W)	18
p.(T25R)	4
p.(T25G)	0
p.(E26F)	0
p.(E26L)	13
p.(E26I)	3
p.(E26M)	7
p.(E26V)	4
p.(E26S)	14
p.(E26P)	6
p.(E26T)	0
p.(E26A)	3
p.(E26Y)	3
p.(E26X)	5
p.(E26H)	6
p.(E26Q)	8
p.(E26N)	5
p.(E26K)	13
p.(E26D)	9
p.(E26E)	0
p.(E26C)	6
p.(E26W)	0
p.(E26R)	0
p.(E26G)	3
p.(M27F)	10
p.(M27L)	0
p.(M27I)	9
p.(M27M)	0
p.(M27V)	8
p.(M27S)	8
p.(M27P)	0
p.(M27T)	4
p.(M27A)	0
p.(M27Y)	13
p.(M27X)	3
p.(M27H)	7
p.(M27Q)	7
p.(M27N)	3
p.(M27K)	5
p.(M27D)	3
p.(M27E)	7
p.(M27C)	0
p.(M27W)	7
p.(M27R)	0
p.(M27G)	4
p.(A28F)	8
p.(A28L)	6
p.(A28I)	10
p.(A28M)	15
p.(A28V)	14
p.(A28S)	14
p.(A28P)	0
p.(A28T)	28
p.(A28A)	0
p.(A28Y)	11
p.(A28X)	17
p.(A28H)	13
p.(A28Q)	12
p.(A28N)	9
p.(A28K)	9
p.(A28D)	18
p.(A28E)	11
p.(A28C)	14
p.(A28W)	7
p.(A28R)	5
p.(A28G)	10
p.(L29F)	13
p.(L29L)	0
p.(L29I)	20
p.(L29M)	26
p.(L29V)	9
p.(L29S)	8
p.(L29P)	11
p.(L29T)	11
p.(L29A)	8
p.(L29Y)	11
p.(L29X)	9
p.(L29H)	0
p.(L29Q)	9
p.(L29N)	3
p.(L29K)	3
p.(L29D)	0
p.(L29E)	0
p.(L29C)	12
p.(L29W)	8
p.(L29R)	0
p.(L29G)	0
p.(P30F)	14
p.(P30L)	16
p.(P30I)	16
p.(P30M)	10
p.(P30V)	20
p.(P30S)	23
p.(P30P)	0
p.(P30T)	6
p.(P30A)	8
p.(P30Y)	22
p.(P30X)	0
p.(P30H)	14
p.(P30Q)	18
p.(P30N)	10
p.(P30K)	9
p.(P30D)	5
p.(P30E)	16
p.(P30C)	15
p.(P30W)	14
p.(P30R)	5
p.(P30G)	11
p.(S31F)	15
p.(S31L)	7
p.(S31I)	9
p.(S31M)	10
p.(S31V)	12
p.(S31S)	14
p.(S31P)	6
p.(S31T)	11
p.(S31A)	0
p.(S31Y)	9
p.(S31X)	5
p.(S31H)	7
p.(S31Q)	7
p.(S31N)	7
p.(S31K)	9
p.(S31D)	7
p.(S31E)	12
p.(S31C)	3
p.(S31W)	11
p.(S31R)	3
p.(S31G)	0
p.(E32F)	13
p.(E32L)	0
p.(E32I)	8
p.(E32M)	11
p.(E32V)	7
p.(E32S)	12
p.(E32P)	7
p.(E32T)	11
p.(E32A)	6
p.(E32Y)	17
p.(E32X)	0
p.(E32H)	8
p.(E32Q)	14
p.(E32N)	8
p.(E32K)	15
p.(E32D)	11
p.(E32E)	0
p.(E32C)	11
p.(E32W)	11
p.(E32R)	8
p.(E32G)	6
p.(L33F)	15
p.(L33L)	14
p.(L33I)	0
p.(L33M)	10
p.(L33V)	7
p.(L33S)	8
p.(L33P)	3
p.(L33T)	0
p.(L33A)	10
p.(L33Y)	13
p.(L33X)	3
p.(L33H)	6
p.(L33Q)	7
p.(L33N)	8
p.(L33K)	5
p.(L33D)	5
p.(L33E)	8
p.(L33C)	10
p.(L33W)	15
p.(L33R)	6
p.(L33G)	0
p.(P34F)	10
p.(P34L)	11
p.(P34I)	17
p.(P34M)	10
p.(P34V)	14
p.(P34S)	9
p.(P34P)	6
p.(P34T)	15
p.(P34A)	11
p.(P34Y)	9
p.(P34X)	3
p.(P34H)	10
p.(P34Q)	16
p.(P34N)	20
p.(P34K)	6
p.(P34D)	11
p.(P34E)	12
p.(P34C)	6
p.(P34W)	9
p.(P34R)	4
p.(P34G)	4
p.(L35F)	14
p.(L35L)	0
p.(L35I)	13
p.(L35M)	19
p.(L35V)	13
p.(L35S)	8
p.(L35P)	10
p.(L35T)	8
p.(L35A)	3
p.(L35Y)	6
p.(L35X)	0
p.(L35H)	12
p.(L35Q)	12
p.(L35N)	13
p.(L35K)	4
p.(L35D)	0
p.(L35E)	3
p.(L35C)	12
p.(L35W)	3
p.(L35R)	0
p.(L35G)	0
p.(R36F)	9
p.(R36L)	19
p.(R36I)	16
p.(R36M)	26
p.(R36V)	25
p.(R36S)	21
p.(R36P)	3
p.(R36T)	15
p.(R36A)	8
p.(R36Y)	3
p.(R36X)	7
p.(R36H)	13
p.(R36Q)	10
p.(R36N)	8
p.(R36K)	7
p.(R36D)	16
p.(R36E)	7
p.(R36C)	22
p.(R36W)	15
p.(R36R)	0
p.(R36G)	10
p.(E37F)	27
p.(E37L)	9
p.(E37I)	14
p.(E37M)	20
p.(E37V)	15
p.(E37S)	9
p.(E37P)	3
p.(E37T)	12
p.(E37A)	3
p.(E37Y)	11
p.(E37X)	8
p.(E37H)	20
p.(E37Q)	10
p.(E37N)	14
p.(E37K)	27
p.(E37D)	11
p.(E37E)	0
p.(E37C)	12
p.(E37W)	0
p.(E37R)	8
p.(E37G)	9
p.(I38F)	7
p.(I38L)	5
p.(I38I)	0
p.(I38M)	5
p.(I38V)	9
p.(I38S)	5
p.(I38P)	0
p.(I38T)	9
p.(I38A)	3
p.(I38Y)	13
p.(I38X)	11
p.(I38H)	69
p.(I38Q)	69
p.(I38N)	9
p.(I38K)	0
p.(I38D)	0
p.(I38E)	0
p.(I38C)	10
p.(I38W)	6
p.(I38R)	0
p.(I38G)	8
p.(L39F)	17
p.(L39L)	0
p.(L39I)	7
p.(L39M)	17
p.(L39V)	16
p.(L39S)	5
p.(L39P)	10
p.(L39T)	7
p.(L39A)	0
p.(L39Y)	14
p.(L39X)	8
p.(L39H)	5
p.(L39Q)	8
p.(L39N)	11
p.(L39K)	11
p.(L39D)	7
p.(L39E)	6
p.(L39C)	8
p.(L39W)	14
p.(L39R)	0
p.(L39G)	4
p.(P40F)	9
p.(P40L)	14
p.(P40I)	5
p.(P40M)	15
p.(P40V)	28
p.(P40S)	10
p.(P40P)	7
p.(P40T)	10
p.(P40A)	8
p.(P40Y)	16
p.(P40X)	4
p.(P40H)	18
p.(P40Q)	14
p.(P40N)	16
p.(P40K)	19
p.(P40D)	14
p.(P40E)	24
p.(P40C)	13
p.(P40W)	12
p.(P40R)	8
p.(P40G)	14
p.(A41F)	13
p.(A41L)	28
p.(A41I)	12
p.(A41M)	3
p.(A41V)	39
p.(A41S)	29
p.(A41P)	20
p.(A41T)	9
p.(A41A)	15
p.(A41Y)	20
p.(A41X)	8
p.(A41H)	18
p.(A41Q)	12
p.(A41N)	17
p.(A41K)	16
p.(A41D)	13
p.(A41E)	12
p.(A41C)	13
p.(A41W)	18
p.(A41R)	13
p.(A41G)	16
p.(V42F)	20
p.(V42L)	10
p.(V42I)	32
p.(V42M)	11
p.(V42V)	10
p.(V42S)	12
p.(V42P)	0
p.(V42T)	6
p.(V42A)	14
p.(V42Y)	16
p.(V42X)	5
p.(V42H)	0
p.(V42Q)	0
p.(V42N)	4
p.(V42K)	0
p.(V42D)	6
p.(V42E)	6
p.(V42C)	5
p.(V42W)	12
p.(V42R)	0
p.(V42G)	0
p.(Q43F)	22
p.(Q43L)	15
p.(Q43I)	22
p.(Q43M)	19
p.(Q43V)	13
p.(Q43S)	5
p.(Q43P)	12
p.(Q43T)	13
p.(Q43A)	7
p.(Q43Y)	17
p.(Q43X)	9
p.(Q43H)	12
p.(Q43Q)	0
p.(Q43N)	21
p.(Q43K)	28
p.(Q43D)	11
p.(Q43E)	15
p.(Q43C)	0
p.(Q43W)	15
p.(Q43R)	11
p.(Q43G)	7
p.(R44F)	319
p.(R44L)	19
p.(R44I)	21
p.(R44M)	42
p.(R44V)	19
p.(R44S)	16
p.(R44P)	14
p.(R44T)	8
p.(R44A)	10
p.(R44Y)	25
p.(R44X)	5
p.(R44H)	44
p.(R44Q)	14
p.(R44N)	34
p.(R44K)	24
p.(R44D)	10
p.(R44E)	19
p.(R44C)	23
p.(R44W)	21
p.(R44R)	0
p.(R44G)	17
p.(I45F)	7
p.(I45L)	17
p.(I45I)	0
p.(I45M)	18
p.(I45V)	14
p.(I45S)	7
p.(I45P)	10
p.(I45T)	3
p.(I45A)	4
p.(I45Y)	14
p.(I45X)	5
p.(I45H)	6
p.(I45Q)	0
p.(I45N)	17
p.(I45K)	17
p.(I45D)	6
p.(I45E)	15
p.(I45C)	0
p.(I45W)	12
p.(I45R)	7
p.(I45G)	0
p.(V46F)	26
p.(V46L)	18
p.(V46I)	37
p.(V46M)	40
p.(V46V)	0
p.(V46S)	10
p.(V46P)	7
p.(V46T)	25
p.(V46A)	7
p.(V46Y)	23
p.(V46X)	28
p.(V46H)	15
p.(V46Q)	15
p.(V46N)	27
p.(V46K)	19
p.(V46D)	14
p.(V46E)	18
p.(V46C)	6
p.(V46W)	14
p.(V46R)	0
p.(V46G)	3
p.(Q47F)	46
p.(Q47L)	10
p.(Q47I)	30
p.(Q47M)	16
p.(Q47V)	21
p.(Q47S)	14
p.(Q47P)	17
p.(Q47T)	24
p.(Q47A)	13
p.(Q47Y)	29
p.(Q47X)	29
p.(Q47H)	21
p.(Q47Q)	0
p.(Q47N)	23
p.(Q47K)	36
p.(Q47D)	12
p.(Q47E)	14
p.(Q47C)	25
p.(Q47W)	6
p.(Q47R)	5
p.(Q47G)	17
p.(P48F)	25
p.(P48L)	5
p.(P48I)	26
p.(P48M)	24
p.(P48V)	23
p.(P48S)	8
p.(P48P)	7
p.(P48T)	8
p.(P48A)	8
p.(P48Y)	31
p.(P48X)	16
p.(P48H)	10
p.(P48Q)	26
p.(P48N)	21
p.(P48K)	33
p.(P48D)	10
p.(P48E)	16
p.(P48C)	14
p.(P48W)	35
p.(P48R)	0
p.(P48G)	12
p.(A49F)	44
p.(A49L)	22
p.(A49I)	42
p.(A49M)	26
p.(A49V)	10
p.(A49S)	10
p.(A49P)	11
p.(A49T)	45
p.(A49A)	0
p.(A49Y)	20
p.(A49X)	17
p.(A49H)	18
p.(A49Q)	14
p.(A49N)	26
p.(A49K)	20
p.(A49D)	24
p.(A49E)	14
p.(A49C)	24
p.(A49W)	10
p.(A49R)	0
p.(A49G)	12
p.(R50F)	24
p.(R50L)	17
p.(R50I)	20
p.(R50M)	12
p.(R50V)	0
p.(R50S)	17
p.(R50P)	12
p.(R50T)	5
p.(R50A)	5
p.(R50Y)	13
p.(R50X)	7
p.(R50H)	9
p.(R50Q)	33
p.(R50N)	13
p.(R50K)	22
p.(R50D)	8
p.(R50E)	11
p.(R50C)	12
p.(R50W)	14
p.(R50R)	12
p.(R50G)	0
p.(E51F)	16
p.(E51L)	11
p.(E51I)	13
p.(E51M)	15
p.(E51V)	11
p.(E51S)	22
p.(E51P)	0
p.(E51T)	18
p.(E51A)	3
p.(E51Y)	22
p.(E51X)	12
p.(E51H)	7
p.(E51Q)	7
p.(E51N)	31
p.(E51K)	29
p.(E51D)	6
p.(E51E)	0
p.(E51C)	6
p.(E51W)	9
p.(E51R)	0
p.(E51G)	4
p.(N52F)	3
p.(N52L)	9
p.(N52I)	6
p.(N52M)	12
p.(N52V)	12
p.(N52S)	5
p.(N52P)	5
p.(N52T)	14
p.(N52A)	4
p.(N52Y)	19
p.(N52X)	11
p.(N52H)	8
p.(N52Q)	18
p.(N52N)	0
p.(N52K)	29
p.(N52D)	14
p.(N52E)	12
p.(N52C)	8
p.(N52W)	13
p.(N52R)	4
p.(N52G)	5
p.(D53F)	26
p.(D53L)	27
p.(D53I)	35
p.(D53M)	32
p.(D53V)	15
p.(D53S)	13
p.(D53P)	8
p.(D53T)	12
p.(D53A)	6
p.(D53Y)	28
p.(D53X)	6
p.(D53H)	14
p.(D53Q)	19
p.(D53N)	39
p.(D53K)	18
p.(D53D)	0
p.(D53E)	10
p.(D53C)	12
p.(D53W)	37
p.(D53R)	3
p.(D53G)	3
p.(G54F)	41
p.(G54L)	17
p.(G54I)	36
p.(G54M)	20
p.(G54V)	18
p.(G54S)	25
p.(G54P)	7
p.(G54T)	18
p.(G54A)	0
p.(G54Y)	28
p.(G54X)	7
p.(G54H)	13
p.(G54Q)	22
p.(G54N)	14
p.(G54K)	20
p.(G54D)	4
p.(G54E)	14
p.(G54C)	6
p.(G54W)	15
p.(G54R)	7
p.(G54G)	6
p.(A55F)	20
p.(A55L)	29
p.(A55I)	33
p.(A55M)	36
p.(A55V)	17
p.(A55S)	27
p.(A55P)	10
p.(A55T)	35
p.(A55A)	0
p.(A55Y)	36
p.(A55X)	7
p.(A55H)	12
p.(A55Q)	26
p.(A55N)	21
p.(A55K)	32
p.(A55D)	31
p.(A55E)	21
p.(A55C)	23
p.(A55W)	31
p.(A55R)	10
p.(A55G)	14
p.(A56F)	32
p.(A56L)	44
p.(A56I)	34
p.(A56M)	13
p.(A56V)	26
p.(A56S)	37
p.(A56P)	15
p.(A56T)	56
p.(A56A)	0
p.(A56Y)	42
p.(A56X)	30
p.(A56H)	22
p.(A56Q)	29
p.(A56N)	59
p.(A56K)	47
p.(A56D)	26
p.(A56E)	35
p.(A56C)	25
p.(A56W)	33
p.(A56R)	15
p.(A56G)	8
p.(D57F)	12
p.(D57L)	12
p.(D57I)	17
p.(D57M)	15
p.(D57V)	6
p.(D57S)	8
p.(D57P)	11
p.(D57T)	10
p.(D57A)	5
p.(D57Y)	20
p.(D57X)	0
p.(D57H)	20
p.(D57Q)	6
p.(D57N)	18
p.(D57K)	12
p.(D57D)	9
p.(D57E)	4
p.(D57C)	15
p.(D57W)	6
p.(D57R)	4
p.(D57G)	4
p.(P58F)	34
p.(P58L)	19
p.(P58I)	41
p.(P58M)	37
p.(P58V)	30
p.(P58S)	12
p.(P58P)	0
p.(P58T)	24
p.(P58A)	21
p.(P58Y)	38
p.(P58X)	9
p.(P58H)	18
p.(P58Q)	16
p.(P58N)	37
p.(P58K)	36
p.(P58D)	29
p.(P58E)	32
p.(P58C)	28
p.(P58W)	30
p.(P58R)	0
p.(P58G)	9
p.(A59F)	29
p.(A59L)	13
p.(A59I)	32
p.(A59M)	33
p.(A59V)	14
p.(A59S)	3
p.(A59P)	12
p.(A59T)	43
p.(A59A)	0
p.(A59Y)	45
p.(A59X)	15
p.(A59H)	19
p.(A59Q)	13
p.(A59N)	38
p.(A59K)	29
p.(A59D)	33
p.(A59E)	13
p.(A59C)	7
p.(A59W)	36
p.(A59R)	5
p.(A59G)	10
p.(A60F)	18
p.(A60L)	8
p.(A60I)	5
p.(A60M)	0
p.(A60V)	0
p.(A60S)	4
p.(A60P)	0
p.(A60T)	0
p.(A60A)	3
p.(A60Y)	10
p.(A60X)	0
p.(A60H)	12
p.(A60Q)	0
p.(A60N)	8
p.(A60K)	7
p.(A60D)	0
p.(A60E)	6
p.(A60C)	0
p.(A60W)	6
p.(A60R)	0
p.(A60G)	0
p.(A61F)	0
p.(A61L)	0
p.(A61I)	0
p.(A61M)	0
p.(A61V)	22
p.(A61S)	0
p.(A61P)	105
p.(A61T)	0
p.(A61A)	0
p.(A61Y)	0
p.(A61X)	0
p.(A61H)	0
p.(A61Q)	0
p.(A61N)	0
p.(A61K)	0
p.(A61D)	0
p.(A61E)	0
p.(A61C)	0
p.(A61W)	0
p.(A61R)	0
p.(A61G)	0
p.(P62F)	24
p.(P62L)	18
p.(P62I)	14
p.(P62M)	24
p.(P62V)	0
p.(P62S)	18
p.(P62P)	0
p.(P62T)	16
p.(P62A)	0
p.(P62Y)	37
p.(P62X)	6
p.(P62H)	12
p.(P62Q)	19
p.(P62N)	37
p.(P62K)	18
p.(P62D)	0
p.(P62E)	0
p.(P62C)	0
p.(P62W)	7
p.(P62R)	5
p.(P62G)	0
p.(N63F)	18
p.(N63L)	0
p.(N63I)	6
p.(N63M)	0
p.(N63V)	4
p.(N63S)	3
p.(N63P)	5
p.(N63T)	10
p.(N63A)	0
p.(N63Y)	12
p.(N63X)	0
p.(N63H)	0
p.(N63Q)	0
p.(N63N)	0
p.(N63K)	6
p.(N63D)	3
p.(N63E)	7
p.(N63C)	3
p.(N63W)	4
p.(N63R)	0
p.(N63G)	6
p.(P64F)	13
p.(P64L)	17
p.(P64I)	27
p.(P64M)	26
p.(P64V)	11
p.(P64S)	4
p.(P64P)	0
p.(P64T)	17
p.(P64A)	4
p.(P64Y)	20
p.(P64X)	3
p.(P64H)	6
p.(P64Q)	25
p.(P64N)	26
p.(P64K)	23
p.(P64D)	9
p.(P64E)	5
p.(P64C)	6
p.(P64W)	25
p.(P64R)	0
p.(P64G)	0
p.(V65F)	56
p.(V65L)	0
p.(V65I)	41
p.(V65M)	19
p.(V65V)	0
p.(V65S)	0
p.(V65P)	0
p.(V65T)	19
p.(V65A)	10
p.(V65Y)	52
p.(V65X)	18
p.(V65H)	21
p.(V65Q)	4
p.(V65N)	53
p.(V65K)	3
p.(V65D)	17
p.(V65E)	0
p.(V65C)	10
p.(V65W)	18
p.(V65R)	0
p.(V65G)	3
p.(R66F)	67
p.(R66L)	3
p.(R66I)	88
p.(R66M)	39
p.(R66V)	30
p.(R66S)	15
p.(R66P)	3
p.(R66T)	38
p.(R66A)	15
p.(R66Y)	56
p.(R66X)	43
p.(R66H)	21
p.(R66Q)	20
p.(R66N)	65
p.(R66K)	45
p.(R66D)	43
p.(R66E)	40
p.(R66C)	29
p.(R66W)	45
p.(R66R)	8
p.(R66G)	10
p.(L67F)	12
p.(L67L)	14
p.(L67I)	20
p.(L67M)	22
p.(L67V)	16
p.(L67S)	11
p.(L67P)	5
p.(L67T)	16
p.(L67A)	4
p.(L67Y)	26
p.(L67X)	9
p.(L67H)	12
p.(L67Q)	11
p.(L67N)	25
p.(L67K)	15
p.(L67D)	7
p.(L67E)	17
p.(L67C)	15
p.(L67W)	14
p.(L67R)	0
p.(L67G)	9
p.(S68F)	26
p.(S68L)	14
p.(S68I)	17
p.(S68M)	18
p.(S68V)	10
p.(S68S)	12
p.(S68P)	5
p.(S68T)	6
p.(S68A)	8
p.(S68Y)	18
p.(S68X)	9
p.(S68H)	17
p.(S68Q)	13
p.(S68N)	19
p.(S68K)	21
p.(S68D)	5
p.(S68E)	7
p.(S68C)	12
p.(S68W)	12
p.(S68R)	3
p.(S68G)	9
p.(L69F)	21
p.(L69L)	15
p.(L69I)	16
p.(L69M)	18
p.(L69V)	14
p.(L69S)	5
p.(L69P)	0
p.(L69T)	0
p.(L69A)	4
p.(L69Y)	16
p.(L69X)	3
p.(L69H)	0
p.(L69Q)	4
p.(L69N)	0
p.(L69K)	5
p.(L69D)	0
p.(L69E)	3
p.(L69C)	6
p.(L69W)	19
p.(L69R)	0
p.(L69G)	0
p.(A70F)	33
p.(A70L)	15
p.(A70I)	13
p.(A70M)	13
p.(A70V)	12
p.(A70S)	12
p.(A70P)	0
p.(A70T)	6
p.(A70A)	5
p.(A70Y)	20
p.(A70X)	12
p.(A70H)	11
p.(A70Q)	8
p.(A70N)	18
p.(A70K)	9
p.(A70D)	7
p.(A70E)	8
p.(A70C)	13
p.(A70W)	17
p.(A70R)	8
p.(A70G)	5
p.(P71F)	7
p.(P71L)	28
p.(P71I)	18
p.(P71M)	12
p.(P71V)	17
p.(P71S)	13
p.(P71P)	0
p.(P71T)	23
p.(P71A)	14
p.(P71Y)	32
p.(P71X)	6
p.(P71H)	18
p.(P71Q)	17
p.(P71N)	16
p.(P71K)	16
p.(P71D)	8
p.(P71E)	7
p.(P71C)	6
p.(P71W)	19
p.(P71R)	0
p.(P71G)	8
p.(I72F)	10
p.(I72L)	0
p.(I72I)	0
p.(I72M)	13
p.(I72V)	9
p.(I72S)	5
p.(I72P)	3
p.(I72T)	7
p.(I72A)	7
p.(I72Y)	5
p.(I72X)	0
p.(I72H)	0
p.(I72Q)	0
p.(I72N)	0
p.(I72K)	5
p.(I72D)	5
p.(I72E)	7
p.(I72C)	4
p.(I72W)	7
p.(I72R)	0
p.(I72G)	4
p.(G73F)	17
p.(G73L)	18
p.(G73I)	12
p.(G73M)	21
p.(G73V)	16
p.(G73S)	23
p.(G73P)	15
p.(G73T)	17
p.(G73A)	5
p.(G73Y)	17
p.(G73X)	3
p.(G73H)	11
p.(G73Q)	13
p.(G73N)	11
p.(G73K)	6
p.(G73D)	6
p.(G73E)	4
p.(G73C)	12
p.(G73W)	40
p.(G73R)	3
p.(G73G)	0
p.(G74F)	28
p.(G74L)	21
p.(G74I)	14
p.(G74M)	18
p.(G74V)	7
p.(G74S)	11
p.(G74P)	10
p.(G74T)	9
p.(G74A)	6
p.(G74Y)	23
p.(G74X)	0
p.(G74H)	13
p.(G74Q)	16
p.(G74N)	18
p.(G74K)	27
p.(G74D)	5
p.(G74E)	4
p.(G74C)	4
p.(G74W)	5
p.(G74R)	6
p.(G74G)	4
p.(A75F)	30
p.(A75L)	18
p.(A75I)	40
p.(A75M)	19
p.(A75V)	19
p.(A75S)	15
p.(A75P)	9
p.(A75T)	35
p.(A75A)	13
p.(A75Y)	26
p.(A75X)	6
p.(A75H)	25
p.(A75Q)	4
p.(A75N)	21
p.(A75K)	9
p.(A75D)	14
p.(A75E)	12
p.(A75C)	16
p.(A75W)	8
p.(A75R)	11
p.(A75G)	3
p.(P76F)	14
p.(P76L)	8
p.(P76I)	12
p.(P76M)	19
p.(P76V)	10
p.(P76S)	15
p.(P76P)	0
p.(P76T)	25
p.(P76A)	9
p.(P76Y)	29
p.(P76X)	8
p.(P76H)	24
p.(P76Q)	15
p.(P76N)	7
p.(P76K)	23
p.(P76D)	14
p.(P76E)	14
p.(P76C)	12
p.(P76W)	11
p.(P76R)	6
p.(P76G)	14
p.(F77F)	0
p.(F77L)	0
p.(F77I)	0
p.(F77M)	0
p.(F77V)	0
p.(F77S)	0
p.(F77P)	0
p.(F77T)	0
p.(F77A)	0
p.(F77Y)	0
p.(F77X)	0
p.(F77H)	0
p.(F77Q)	0
p.(F77N)	0
p.(F77K)	0
p.(F77D)	0
p.(F77E)	0
p.(F77C)	0
p.(F77W)	0
p.(F77R)	0
p.(F77G)	0
p.(S78F)	0
p.(S78L)	0
p.(S78I)	3
p.(S78M)	5
p.(S78V)	0
p.(S78S)	8
p.(S78P)	0
p.(S78T)	3
p.(S78A)	0
p.(S78Y)	0
p.(S78X)	0
p.(S78H)	0
p.(S78Q)	3
p.(S78N)	10
p.(S78K)	5
p.(S78D)	3
p.(S78E)	0
p.(S78C)	0
p.(S78W)	9
p.(S78R)	0
p.(S78G)	4
p.(L79F)	3
p.(L79L)	3
p.(L79I)	3
p.(L79M)	0
p.(L79V)	3
p.(L79S)	0
p.(L79P)	0
p.(L79T)	4
p.(L79A)	0
p.(L79Y)	0
p.(L79X)	0
p.(L79H)	0
p.(L79Q)	5
p.(L79N)	0
p.(L79K)	0
p.(L79D)	0
p.(L79E)	3
p.(L79C)	0
p.(L79W)	6
p.(L79R)	0
p.(L79G)	0
p.(D80F)	0
p.(D80L)	15
p.(D80I)	8
p.(D80M)	6
p.(D80V)	6
p.(D80S)	4
p.(D80P)	0
p.(D80T)	4
p.(D80A)	0
p.(D80Y)	9
p.(D80X)	0
p.(D80H)	7
p.(D80Q)	6
p.(D80N)	9
p.(D80K)	18
p.(D80D)	0
p.(D80E)	8
p.(D80C)	6
p.(D80W)	0
p.(D80R)	0
p.(D80G)	3
p.(A81F)	0
p.(A81L)	4
p.(A81I)	20
p.(A81M)	21
p.(A81V)	7
p.(A81S)	25
p.(A81P)	6
p.(A81T)	27
p.(A81A)	0
p.(A81Y)	17
p.(A81X)	6
p.(A81H)	12
p.(A81Q)	8
p.(A81N)	16
p.(A81K)	0
p.(A81D)	0
p.(A81E)	3
p.(A81C)	22
p.(A81W)	13
p.(A81R)	3
p.(A81G)	7
p.(T82F)	27
p.(T82L)	14
p.(T82I)	42
p.(T82M)	21
p.(T82V)	0
p.(T82S)	8
p.(T82P)	11
p.(T82T)	18
p.(T82A)	0
p.(T82Y)	22
p.(T82X)	7
p.(T82H)	10
p.(T82Q)	18
p.(T82N)	5
p.(T82K)	15
p.(T82D)	0
p.(T82E)	0
p.(T82C)	13
p.(T82W)	13
p.(T82R)	7
p.(T82G)	0
p.(L83F)	15
p.(L83L)	13
p.(L83I)	18
p.(L83M)	27
p.(L83V)	13
p.(L83S)	5
p.(L83P)	0
p.(L83T)	3
p.(L83A)	0
p.(L83Y)	3
p.(L83X)	3
p.(L83H)	0
p.(L83Q)	4
p.(L83N)	3
p.(L83K)	0
p.(L83D)	0
p.(L83E)	0
p.(L83C)	5
p.(L83W)	4
p.(L83R)	0
p.(L83G)	0
p.(D84F)	17
p.(D84L)	13
p.(D84I)	11
p.(D84M)	14
p.(D84V)	9
p.(D84S)	13
p.(D84P)	8
p.(D84T)	8
p.(D84A)	0
p.(D84Y)	17
p.(D84X)	4
p.(D84H)	10
p.(D84Q)	9
p.(D84N)	10
p.(D84K)	9
p.(D84D)	0
p.(D84E)	8
p.(D84C)	8
p.(D84W)	13
p.(D84R)	5
p.(D84G)	3
p.(T85F)	4
p.(T85L)	14
p.(T85I)	13
p.(T85M)	12
p.(T85V)	8
p.(T85S)	18
p.(T85P)	7
p.(T85T)	0
p.(T85A)	3
p.(T85Y)	4
p.(T85X)	0
p.(T85H)	0
p.(T85Q)	4
p.(T85N)	12
p.(T85K)	5
p.(T85D)	0
p.(T85E)	5
p.(T85C)	0
p.(T85W)	6
p.(T85R)	0
p.(T85G)	3
p.(V86F)	12
p.(V86L)	3
p.(V86I)	14
p.(V86M)	10
p.(V86V)	12
p.(V86S)	6
p.(V86P)	4
p.(V86T)	10
p.(V86A)	3
p.(V86Y)	15
p.(V86X)	0
p.(V86H)	7
p.(V86Q)	3
p.(V86N)	4
p.(V86K)	5
p.(V86D)	7
p.(V86E)	0
p.(V86C)	7
p.(V86W)	7
p.(V86R)	0
p.(V86G)	3
p.(G87F)	33
p.(G87L)	21
p.(G87I)	25
p.(G87M)	46
p.(G87V)	12
p.(G87S)	31
p.(G87P)	15
p.(G87T)	0
p.(G87A)	8
p.(G87Y)	25
p.(G87X)	11
p.(G87H)	17
p.(G87Q)	19
p.(G87N)	18
p.(G87K)	26
p.(G87D)	5
p.(G87E)	8
p.(G87C)	16
p.(G87W)	21
p.(G87R)	7
p.(G87G)	0
p.(V88F)	21
p.(V88L)	11
p.(V88I)	18
p.(V88M)	8
p.(V88V)	4
p.(V88S)	6
p.(V88P)	3
p.(V88T)	4
p.(V88A)	0
p.(V88Y)	9
p.(V88X)	5
p.(V88H)	9
p.(V88Q)	16
p.(V88N)	11
p.(V88K)	8
p.(V88D)	0
p.(V88E)	4
p.(V88C)	12
p.(V88W)	6
p.(V88R)	0
p.(V88G)	0
p.(V89F)	17
p.(V89L)	9
p.(V89I)	12
p.(V89M)	16
p.(V89V)	4
p.(V89S)	13
p.(V89P)	9
p.(V89T)	6
p.(V89A)	0
p.(V89Y)	12
p.(V89X)	14
p.(V89H)	3
p.(V89Q)	9
p.(V89N)	8
p.(V89K)	10
p.(V89D)	0
p.(V89E)	4
p.(V89C)	8
p.(V89W)	10
p.(V89R)	0
p.(V89G)	0
p.(D90F)	4
p.(D90L)	0
p.(D90I)	0
p.(D90M)	11
p.(D90V)	4
p.(D90S)	13
p.(D90P)	3
p.(D90T)	5
p.(D90A)	8
p.(D90Y)	9
p.(D90X)	12
p.(D90H)	5
p.(D90Q)	8
p.(D90N)	17
p.(D90K)	6
p.(D90D)	0
p.(D90E)	5
p.(D90C)	4
p.(D90W)	11
p.(D90R)	0
p.(D90G)	0
p.(G91F)	0
p.(G91L)	0
p.(G91I)	0
p.(G91M)	0
p.(G91V)	0
p.(G91S)	0
p.(G91P)	0
p.(G91T)	0
p.(G91A)	0
p.(G91Y)	0
p.(G91X)	6
p.(G91H)	0
p.(G91Q)	0
p.(G91N)	0
p.(G91K)	0
p.(G91D)	0
p.(G91E)	0
p.(G91C)	0
p.(G91W)	0
p.(G91R)	0
p.(G91G)	0
p.(D92F)	0
p.(D92L)	0
p.(D92I)	0
p.(D92M)	0
p.(D92V)	0
p.(D92S)	0
p.(D92P)	0
p.(D92T)	0
p.(D92A)	0
p.(D92Y)	0
p.(D92X)	0
p.(D92H)	0
p.(D92Q)	0
p.(D92N)	0
p.(D92K)	0
p.(D92D)	0
p.(D92E)	0
p.(D92C)	0
p.(D92W)	0
p.(D92R)	0
p.(D92G)	0
p.(L93F)	0
p.(L93L)	0
p.(L93I)	0
p.(L93M)	0
p.(L93V)	0
p.(L93S)	0
p.(L93P)	0
p.(L93T)	0
p.(L93A)	0
p.(L93Y)	0
p.(L93X)	0
p.(L93H)	0
p.(L93Q)	0
p.(L93N)	0
p.(L93K)	0
p.(L93D)	0
p.(L93E)	0
p.(L93C)	0
p.(L93W)	0
p.(L93R)	0
p.(L93G)	0
p.(L94F)	0
p.(L94L)	0
p.(L94I)	0
p.(L94M)	0
p.(L94V)	0
p.(L94S)	0
p.(L94P)	0
p.(L94T)	0
p.(L94A)	0
p.(L94Y)	0
p.(L94X)	0
p.(L94H)	0
p.(L94Q)	0
p.(L94N)	0
p.(L94K)	0
p.(L94D)	0
p.(L94E)	0
p.(L94C)	0
p.(L94W)	0
p.(L94R)	0
p.(L94G)	0
p.(A95F)	0
p.(A95L)	0
p.(A95I)	0
p.(A95M)	0
p.(A95V)	0
p.(A95S)	0
p.(A95P)	0
p.(A95T)	0
p.(A95A)	0
p.(A95Y)	0
p.(A95X)	0
p.(A95H)	0
p.(A95Q)	0
p.(A95N)	0
p.(A95K)	0
p.(A95D)	0
p.(A95E)	0
p.(A95C)	0
p.(A95W)	0
p.(A95R)	0
p.(A95G)	0
p.(L96F)	0
p.(L96L)	0
p.(L96I)	0
p.(L96M)	0
p.(L96V)	3
p.(L96S)	0
p.(L96P)	0
p.(L96T)	0
p.(L96A)	0
p.(L96Y)	4
p.(L96X)	0
p.(L96H)	0
p.(L96Q)	0
p.(L96N)	0
p.(L96K)	0
p.(L96D)	0
p.(L96E)	0
p.(L96C)	3
p.(L96W)	0
p.(L96R)	0
p.(L96G)	0
p.(Q97F)	0
p.(Q97L)	0
p.(Q97I)	0
p.(Q97M)	0
p.(Q97V)	0
p.(Q97S)	0
p.(Q97P)	0
p.(Q97T)	0
p.(Q97A)	0
p.(Q97Y)	0
p.(Q97X)	6
p.(Q97H)	4
p.(Q97Q)	0
p.(Q97N)	0
p.(Q97K)	3
p.(Q97D)	0
p.(Q97E)	7
p.(Q97C)	0
p.(Q97W)	0
p.(Q97R)	0
p.(Q97G)	0
p.(A98F)	3
p.(A98L)	0
p.(A98I)	0
p.(A98M)	7
p.(A98V)	0
p.(A98S)	3
p.(A98P)	0
p.(A98T)	5
p.(A98A)	4
p.(A98Y)	7
p.(A98X)	0
p.(A98H)	3
p.(A98Q)	0
p.(A98N)	0
p.(A98K)	6
p.(A98D)	0
p.(A98E)	7
p.(A98C)	5
p.(A98W)	5
p.(A98R)	0
p.(A98G)	0
p.(V99F)	0
p.(V99L)	0
p.(V99I)	0
p.(V99M)	0
p.(V99V)	0
p.(V99S)	0
p.(V99P)	0
p.(V99T)	0
p.(V99A)	0
p.(V99Y)	0
p.(V99X)	0
p.(V99H)	0
p.(V99Q)	0
p.(V99N)	0
p.(V99K)	0
p.(V99D)	0
p.(V99E)	0
p.(V99C)	0
p.(V99W)	0
p.(V99R)	0
p.(V99G)	0
p.(P100F)	0
p.(P100L)	0
p.(P100I)	0
p.(P100M)	0
p.(P100V)	0
p.(P100S)	0
p.(P100P)	0
p.(P100T)	0
p.(P100A)	0
p.(P100Y)	0
p.(P100X)	0
p.(P100H)	0
p.(P100Q)	0
p.(P100N)	0
p.(P100K)	0
p.(P100D)	0
p.(P100E)	0
p.(P100C)	0
p.(P100W)	0
p.(P100R)	0
p.(P100G)	0
p.(S101F)	0
p.(S101L)	0
p.(S101I)	0
p.(S101M)	0
p.(S101V)	0
p.(S101S)	0
p.(S101P)	0
p.(S101T)	0
p.(S101A)	0
p.(S101Y)	0
p.(S101X)	0
p.(S101H)	0
p.(S101Q)	0
p.(S101N)	0
p.(S101K)	0
p.(S101D)	0
p.(S101E)	0
p.(S101C)	0
p.(S101W)	0
p.(S101R)	0
p.(S101G)	0
p.(G102F)	6
p.(G102L)	5
p.(G102I)	4
p.(G102M)	8
p.(G102V)	3
p.(G102S)	12
p.(G102P)	3
p.(G102T)	0
p.(G102A)	0
p.(G102Y)	0
p.(G102X)	0
p.(G102H)	0
p.(G102Q)	0
p.(G102N)	0
p.(G102K)	0
p.(G102D)	0
p.(G102E)	0
p.(G102C)	0
p.(G102W)	0
p.(G102R)	0
p.(G102G)	0
p.(P103F)	5
p.(P103L)	9
p.(P103I)	6
p.(P103M)	12
p.(P103V)	14
p.(P103S)	5
p.(P103P)	0
p.(P103T)	0
p.(P103A)	6
p.(P103Y)	8
p.(P103X)	0
p.(P103H)	5
p.(P103Q)	3
p.(P103N)	4
p.(P103K)	0
p.(P103D)	6
p.(P103E)	0
p.(P103C)	6
p.(P103W)	0
p.(P103R)	0
p.(P103G)	3
p.(P104F)	3
p.(P104L)	0
p.(P104I)	0
p.(P104M)	3
p.(P104V)	0
p.(P104S)	3
p.(P104P)	0
p.(P104T)	7
p.(P104A)	0
p.(P104Y)	0
p.(P104X)	0
p.(P104H)	0
p.(P104Q)	0
p.(P104N)	4
p.(P104K)	15
p.(P104D)	3
p.(P104E)	3
p.(P104C)	0
p.(P104W)	0
p.(P104R)	0
p.(P104G)	7
p.(A105F)	0
p.(A105L)	3
p.(A105I)	3
p.(A105M)	7
p.(A105V)	5
p.(A105S)	5
p.(A105P)	3
p.(A105T)	7
p.(A105A)	0
p.(A105Y)	3
p.(A105X)	3
p.(A105H)	6
p.(A105Q)	10
p.(A105N)	5
p.(A105K)	4
p.(A105D)	3
p.(A105E)	4
p.(A105C)	0
p.(A105W)	0
p.(A105R)	0
p.(A105G)	0
p.(P106F)	0
p.(P106L)	0
p.(P106I)	0
p.(P106M)	0
p.(P106V)	0
p.(P106S)	0
p.(P106P)	0
p.(P106T)	0
p.(P106A)	0
p.(P106Y)	0
p.(P106X)	0
p.(P106H)	0
p.(P106Q)	0
p.(P106N)	0
p.(P106K)	0
p.(P106D)	0
p.(P106E)	0
p.(P106C)	0
p.(P106W)	0
p.(P106R)	0
p.(P106G)	0
p.(R107F)	0
p.(R107L)	0
p.(R107I)	0
p.(R107M)	0
p.(R107V)	0
p.(R107S)	0
p.(R107P)	0
p.(R107T)	0
p.(R107A)	0
p.(R107Y)	0
p.(R107X)	0
p.(R107H)	0
p.(R107Q)	0
p.(R107N)	0
p.(R107K)	0
p.(R107D)	0
p.(R107E)	0
p.(R107C)	0
p.(R107W)	7
p.(R107R)	0
p.(R107G)	0
p.(I108F)	0
p.(I108L)	0
p.(I108I)	0
p.(I108M)	0
p.(I108V)	0
p.(I108S)	0
p.(I108P)	0
p.(I108T)	0
p.(I108A)	0
p.(I108Y)	0
p.(I108X)	0
p.(I108H)	0
p.(I108Q)	0
p.(I108N)	0
p.(I108K)	0
p.(I108D)	0
p.(I108E)	0
p.(I108C)	0
p.(I108W)	0
p.(I108R)	0
p.(I108G)	0
p.(V109F)	0
p.(V109L)	0
p.(V109I)	0
p.(V109M)	3
p.(V109V)	0
p.(V109S)	0
p.(V109P)	0
p.(V109T)	0
p.(V109A)	0
p.(V109Y)	0
p.(V109X)	0
p.(V109H)	0
p.(V109Q)	0
p.(V109N)	0
p.(V109K)	0
p.(V109D)	0
p.(V109E)	0
p.(V109C)	0
p.(V109W)	0
p.(V109R)	0
p.(V109G)	0
p.(E110F)	0
p.(E110L)	0
p.(E110I)	0
p.(E110M)	0
p.(E110V)	0
p.(E110S)	0
p.(E110P)	0
p.(E110T)	0
p.(E110A)	0
p.(E110Y)	0
p.(E110X)	3
p.(E110H)	0
p.(E110Q)	0
p.(E110N)	0
p.(E110K)	0
p.(E110D)	0
p.(E110E)	0
p.(E110C)	0
p.(E110W)	5
p.(E110R)	0
p.(E110G)	0
p.(D111F)	0
p.(D111L)	0
p.(D111I)	0
p.(D111M)	3
p.(D111V)	0
p.(D111S)	0
p.(D111P)	0
p.(D111T)	0
p.(D111A)	0
p.(D111Y)	3
p.(D111X)	0
p.(D111H)	0
p.(D111Q)	4
p.(D111N)	3
p.(D111K)	0
p.(D111D)	0
p.(D111E)	6
p.(D111C)	0
p.(D111W)	0
p.(D111R)	0
p.(D111G)	0
p.(I112F)	0
p.(I112L)	0
p.(I112I)	0
p.(I112M)	8
p.(I112V)	0
p.(I112S)	0
p.(I112P)	0
p.(I112T)	0
p.(I112A)	0
p.(I112Y)	0
p.(I112X)	0
p.(I112H)	0
p.(I112Q)	0
p.(I112N)	3
p.(I112K)	0
p.(I112D)	0
p.(I112E)	0
p.(I112C)	0
p.(I112W)	3
p.(I112R)	0
p.(I112G)	0
p.(A113F)	0
p.(A113L)	0
p.(A113I)	0
p.(A113M)	4
p.(A113V)	10
p.(A113S)	0
p.(A113P)	8
p.(A113T)	3
p.(A113A)	0
p.(A113Y)	0
p.(A113X)	0
p.(A113H)	0
p.(A113Q)	3
p.(A113N)	0
p.(A113K)	0
p.(A113D)	16
p.(A113E)	8
p.(A113C)	4
p.(A113W)	5
p.(A113R)	0
p.(A113G)	0
p.(D114F)	4
p.(D114L)	0
p.(D114I)	0
p.(D114M)	5
p.(D114V)	5
p.(D114S)	0
p.(D114P)	0
p.(D114T)	0
p.(D114A)	6
p.(D114Y)	7
p.(D114X)	0
p.(D114H)	8
p.(D114Q)	5
p.(D114N)	11
p.(D114K)	3
p.(D114D)	0
p.(D114E)	15
p.(D114C)	6
p.(D114W)	9
p.(D114R)	0
p.(D114G)	3
p.(A115F)	0
p.(A115L)	5
p.(A115I)	3
p.(A115M)	0
p.(A115V)	11
p.(A115S)	9
p.(A115P)	4
p.(A115T)	12
p.(A115A)	0
p.(A115Y)	4
p.(A115X)	0
p.(A115H)	14
p.(A115Q)	4
p.(A115N)	0
p.(A115K)	0
p.(A115D)	7
p.(A115E)	0
p.(A115C)	21
p.(A115W)	3
p.(A115R)	4
p.(A115G)	6
p.(A116F)	5
p.(A116L)	10
p.(A116I)	9
p.(A116M)	0
p.(A116V)	11
p.(A116S)	8
p.(A116P)	3
p.(A116T)	7
p.(A116A)	16
p.(A116Y)	6
p.(A116X)	7
p.(A116H)	5
p.(A116Q)	14
p.(A116N)	5
p.(A116K)	7
p.(A116D)	0
p.(A116E)	10
p.(A116C)	0
p.(A116W)	6
p.(A116R)	3
p.(A116G)	3
p.(V117F)	9
p.(V117L)	4
p.(V117I)	12
p.(V117M)	3
p.(V117V)	8
p.(V117S)	0
p.(V117P)	0
p.(V117T)	6
p.(V117A)	7
p.(V117Y)	0
p.(V117X)	0
p.(V117H)	3
p.(V117Q)	6
p.(V117N)	0
p.(V117K)	4
p.(V117D)	0
p.(V117E)	0
p.(V117C)	0
p.(V117W)	4
p.(V117R)	3
p.(V117G)	4
p.(I118F)	0
p.(I118L)	0
p.(I118I)	0
p.(I118M)	0
p.(I118V)	0
p.(I118S)	0
p.(I118P)	0
p.(I118T)	0
p.(I118A)	0
p.(I118Y)	0
p.(I118X)	0
p.(I118H)	0
p.(I118Q)	0
p.(I118N)	0
p.(I118K)	0
p.(I118D)	0
p.(I118E)	0
p.(I118C)	0
p.(I118W)	0
p.(I118R)	0
p.(I118G)	0
p.(F119F)	0
p.(F119L)	3
p.(F119I)	4
p.(F119M)	5
p.(F119V)	0
p.(F119S)	4
p.(F119P)	3
p.(F119T)	0
p.(F119A)	0
p.(F119Y)	6
p.(F119X)	0
p.(F119H)	0
p.(F119Q)	0
p.(F119N)	0
p.(F119K)	4
p.(F119D)	0
p.(F119E)	6
p.(F119C)	0
p.(F119W)	0
p.(F119R)	3
p.(F119G)	0
p.(S120F)	4
p.(S120L)	4
p.(S120I)	0
p.(S120M)	3
p.(S120V)	3
p.(S120S)	7
p.(S120P)	7
p.(S120T)	0
p.(S120A)	6
p.(S120Y)	9
p.(S120X)	3
p.(S120H)	0
p.(S120Q)	4
p.(S120N)	0
p.(S120K)	3
p.(S120D)	0
p.(S120E)	6
p.(S120C)	5
p.(S120W)	12
p.(S120R)	4
p.(S120G)	5
p.(E121F)	0
p.(E121L)	4
p.(E121I)	3
p.(E121M)	0
p.(E121V)	6
p.(E121S)	0
p.(E121P)	4
p.(E121T)	0
p.(E121A)	0
p.(E121Y)	0
p.(E121X)	0
p.(E121H)	0
p.(E121Q)	5
p.(E121N)	0
p.(E121K)	6
p.(E121D)	0
p.(E121E)	0
p.(E121C)	0
p.(E121W)	3
p.(E121R)	0
p.(E121G)	3
p.(A122F)	0
p.(A122L)	0
p.(A122I)	7
p.(A122M)	3
p.(A122V)	0
p.(A122S)	5
p.(A122P)	0
p.(A122T)	9
p.(A122A)	11
p.(A122Y)	0
p.(A122X)	0
p.(A122H)	4
p.(A122Q)	3
p.(A122N)	3
p.(A122K)	0
p.(A122D)	0
p.(A122E)	5
p.(A122C)	0
p.(A122W)	4
p.(A122R)	4
p.(A122G)	5
p.(R123F)	7
p.(R123L)	7
p.(R123I)	5
p.(R123M)	0
p.(R123V)	13
p.(R123S)	8
p.(R123P)	4
p.(R123T)	19
p.(R123A)	8
p.(R123Y)	6
p.(R123X)	0
p.(R123H)	16
p.(R123Q)	3
p.(R123N)	7
p.(R123K)	5
p.(R123D)	6
p.(R123E)	4
p.(R123C)	20
p.(R123W)	4
p.(R123R)	0
p.(R123G)	9
p.(R124F)	7
p.(R124L)	9
p.(R124I)	5
p.(R124M)	11
p.(R124V)	0
p.(R124S)	3
p.(R124P)	6
p.(R124T)	9
p.(R124A)	0
p.(R124Y)	14
p.(R124X)	0
p.(R124H)	7
p.(R124Q)	3
p.(R124N)	12
p.(R124K)	14
p.(R124D)	4
p.(R124E)	5
p.(R124C)	7
p.(R124W)	4
p.(R124R)	4
p.(R124G)	0
p.(R125F)	4
p.(R125L)	3
p.(R125I)	5
p.(R125M)	9
p.(R125V)	0
p.(R125S)	11
p.(R125P)	8
p.(R125T)	19
p.(R125A)	7
p.(R125Y)	7
p.(R125X)	0
p.(R125H)	10
p.(R125Q)	6
p.(R125N)	6
p.(R125K)	8
p.(R125D)	6
p.(R125E)	9
p.(R125C)	7
p.(R125W)	11
p.(R125R)	0
p.(R125G)	8
p.(Q126F)	8
p.(Q126L)	5
p.(Q126I)	7
p.(Q126M)	7
p.(Q126V)	4
p.(Q126S)	4
p.(Q126P)	4
p.(Q126T)	8
p.(Q126A)	0
p.(Q126Y)	11
p.(Q126X)	8
p.(Q126H)	0
p.(Q126Q)	0
p.(Q126N)	5
p.(Q126K)	14
p.(Q126D)	3
p.(Q126E)	6
p.(Q126C)	0
p.(Q126W)	13
p.(Q126R)	0
p.(Q126G)	0
p.(W127F)	4
p.(W127L)	3
p.(W127I)	5
p.(W127M)	7
p.(W127V)	6
p.(W127S)	8
p.(W127P)	0
p.(W127T)	7
p.(W127A)	4
p.(W127Y)	5
p.(W127X)	7
p.(W127H)	0
p.(W127Q)	12
p.(W127N)	3
p.(W127K)	3
p.(W127D)	4
p.(W127E)	0
p.(W127C)	3
p.(W127W)	0
p.(W127R)	0
p.(W127G)	10
p.(G128F)	3
p.(G128L)	3
p.(G128I)	3
p.(G128M)	6
p.(G128V)	6
p.(G128S)	3
p.(G128P)	0
p.(G128T)	0
p.(G128A)	4
p.(G128Y)	4
p.(G128X)	0
p.(G128H)	3
p.(G128Q)	6
p.(G128N)	7
p.(G128K)	6
p.(G128D)	9
p.(G128E)	0
p.(G128C)	4
p.(G128W)	4
p.(G128R)	0
p.(G128G)	8
p.(P129F)	4
p.(P129L)	14
p.(P129I)	7
p.(P129M)	14
p.(P129V)	4
p.(P129S)	7
p.(P129P)	0
p.(P129T)	3
p.(P129A)	5
p.(P129Y)	9
p.(P129X)	4
p.(P129H)	9
p.(P129Q)	6
p.(P129N)	7
p.(P129K)	4
p.(P129D)	10
p.(P129E)	0
p.(P129C)	6
p.(P129W)	6
p.(P129R)	0
p.(P129G)	3
p.(T130F)	7
p.(T130L)	5
p.(T130I)	14
p.(T130M)	15
p.(T130V)	9
p.(T130S)	6
p.(T130P)	6
p.(T130T)	13
p.(T130A)	3
p.(T130Y)	4
p.(T130X)	0
p.(T130H)	8
p.(T130Q)	6
p.(T130N)	10
p.(T130K)	8
p.(T130D)	4
p.(T130E)	8
p.(T130C)	5
p.(T130W)	7
p.(T130R)	4
p.(T130G)	5
p.(H131F)	6
p.(H131L)	8
p.(H131I)	4
p.(H131M)	8
p.(H131V)	5
p.(H131S)	0
p.(H131P)	6
p.(H131T)	4
p.(H131A)	0
p.(H131Y)	10
p.(H131X)	3
p.(H131H)	0
p.(H131Q)	14
p.(H131N)	10
p.(H131K)	11
p.(H131D)	5
p.(H131E)	9
p.(H131C)	6
p.(H131W)	8
p.(H131R)	3
p.(H131G)	0
p.(R134F)	11
p.(R134L)	3
p.(R134I)	7
p.(R134M)	5
p.(R134V)	9
p.(R134S)	5
p.(R134P)	3
p.(R134T)	8
p.(R134A)	4
p.(R134Y)	13
p.(R134X)	6
p.(R134H)	6
p.(R134Q)	5
p.(R134N)	11
p.(R134K)	7
p.(R134D)	7
p.(R134E)	5
p.(R134C)	7
p.(R134W)	0
p.(R134R)	6
p.(R134G)	0
p.(L138F)	10
p.(L138L)	9
p.(L138I)	7
p.(L138M)	7
p.(L138V)	8
p.(L138S)	7
p.(L138P)	0
p.(L138T)	5
p.(L138A)	0
p.(L138Y)	4
p.(L138X)	0
p.(L138H)	0
p.(L138Q)	4
p.(L138N)	0
p.(L138K)	7
p.(L138D)	8
p.(L138E)	8
p.(L138C)	4
p.(L138W)	8
p.(L138R)	0
p.(L138G)	4
p.(L145F)	4
p.(L145L)	5
p.(L145I)	7
p.(L145M)	12
p.(L145V)	5
p.(L145S)	3
p.(L145P)	0
p.(L145T)	0
p.(L145A)	6
p.(L145Y)	0
p.(L145X)	0
p.(L145H)	6
p.(L145Q)	3
p.(L145N)	3
p.(L145K)	3
p.(L145D)	0
p.(L145E)	7
p.(L145C)	7
p.(L145W)	7
p.(L145R)	0
p.(L145G)	5
p.(T148F)	5
p.(T148L)	9
p.(T148I)	7
p.(T148M)	9
p.(T148V)	7
p.(T148S)	7
p.(T148P)	11
p.(T148T)	7
p.(T148A)	4
p.(T148Y)	4
p.(T148X)	0
p.(T148H)	10
p.(T148Q)	11
p.(T148N)	11
p.(T148K)	8
p.(T148D)	0
p.(T148E)	9
p.(T148C)	3
p.(T148W)	3
p.(T148R)	0
p.(T148G)	3
p.(V152F)	13
p.(V152L)	9
p.(V152I)	12
p.(V152M)	0
p.(V152V)	0
p.(V152S)	5
p.(V152P)	0
p.(V152T)	3
p.(V152A)	9
p.(V152Y)	0
p.(V152X)	0
p.(V152H)	4
p.(V152Q)	8
p.(V152N)	3
p.(V152K)	5
p.(V152D)	0
p.(V152E)	4
p.(V152C)	7
p.(V152W)	5
p.(V152R)	0
p.(V152G)	12
p.(R155F)	5
p.(R155L)	18
p.(R155I)	0
p.(R155M)	3
p.(R155V)	4
p.(R155S)	3
p.(R155P)	0
p.(R155T)	5
p.(R155A)	6
p.(R155Y)	12
p.(R155X)	0
p.(R155H)	5
p.(R155Q)	12
p.(R155N)	7
p.(R155K)	0
p.(R155D)	0
p.(R155E)	4
p.(R155C)	11
p.(R155W)	10
p.(R155R)	3
p.(R155G)	4
p.(V156F)	6
p.(V156L)	7
p.(V156I)	10
p.(V156M)	13
p.(V156V)	0
p.(V156S)	4
p.(V156P)	8
p.(V156T)	3
p.(V156A)	12
p.(V156Y)	9
p.(V156X)	0
p.(V156H)	5
p.(V156Q)	0
p.(V156N)	5
p.(V156K)	11
p.(V156D)	8
p.(V156E)	0
p.(V156C)	5
p.(V156W)	4
p.(V156R)	0
p.(V156G)	9
p.(V194F)	0
p.(V194L)	0
p.(V194I)	0
p.(V194M)	0
p.(V194V)	0
p.(V194S)	0
p.(V194P)	0
p.(V194T)	0
p.(V194A)	0
p.(V194Y)	0
p.(V194X)	0
p.(V194H)	0
p.(V194Q)	0
p.(V194N)	0
p.(V194K)	0
p.(V194D)	0
p.(V194E)	0
p.(V194C)	0
p.(V194W)	0
p.(V194R)	0
p.(V194G)	0
p.(V198F)	0
p.(V198L)	0
p.(V198I)	0
p.(V198M)	0
p.(V198V)	0
p.(V198S)	0
p.(V198P)	0
p.(V198T)	0
p.(V198A)	0
p.(V198Y)	0
p.(V198X)	0
p.(V198H)	0
p.(V198Q)	0
p.(V198N)	0
p.(V198K)	0
p.(V198D)	0
p.(V198E)	0
p.(V198C)	0
p.(V198W)	0
p.(V198R)	0
p.(V198G)	0
p.(L206F)	0
p.(L206L)	0
p.(L206I)	0
p.(L206M)	0
p.(L206V)	0
p.(L206S)	0
p.(L206P)	0
p.(L206T)	0
p.(L206A)	0
p.(L206Y)	0
p.(L206X)	0
p.(L206H)	0
p.(L206Q)	0
p.(L206N)	0
p.(L206K)	0
p.(L206D)	0
p.(L206E)	0
p.(L206C)	0
p.(L206W)	0
p.(L206R)	0
p.(L206G)	0
p.(V208F)	0
p.(V208L)	0
p.(V208I)	0
p.(V208M)	0
p.(V208V)	0
p.(V208S)	0
p.(V208P)	0
p.(V208T)	0
p.(V208A)	0
p.(V208Y)	0
p.(V208X)	0
p.(V208H)	0
p.(V208Q)	0
p.(V208N)	0
p.(V208K)	0
p.(V208D)	0
p.(V208E)	0
p.(V208C)	0
p.(V208W)	0
p.(V208R)	0
p.(V208G)	0
p.(G210F)	0
p.(G210L)	0
p.(G210I)	0
p.(G210M)	0
p.(G210V)	0
p.(G210S)	0
p.(G210P)	0
p.(G210T)	0
p.(G210A)	0
p.(G210Y)	0
p.(G210X)	0
p.(G210H)	0
p.(G210Q)	0
p.(G210N)	0
p.(G210K)	0
p.(G210D)	0
p.(G210E)	0
p.(G210C)	0
p.(G210W)	0
p.(G210R)	0
p.(G210G)	0
p.(F212F)	0
p.(F212L)	0
p.(F212I)	0
p.(F212M)	0
p.(F212V)	0
p.(F212S)	0
p.(F212P)	0
p.(F212T)	0
p.(F212A)	0
p.(F212Y)	0
p.(F212X)	0
p.(F212H)	0
p.(F212Q)	0
p.(F212N)	0
p.(F212K)	0
p.(F212D)	0
p.(F212E)	0
p.(F212C)	0
p.(F212W)	0
p.(F212R)	0
p.(F212G)	0
p.(V217F)	0
p.(V217L)	0
p.(V217I)	0
p.(V217M)	0
p.(V217V)	0
p.(V217S)	0
p.(V217P)	0
p.(V217T)	0
p.(V217A)	0
p.(V217Y)	0
p.(V217X)	0
p.(V217H)	0
p.(V217Q)	0
p.(V217N)	0
p.(V217K)	0
p.(V217D)	0
p.(V217E)	0
p.(V217C)	0
p.(V217W)	0
p.(V217R)	0
p.(V217G)	0
p.(V224F)	0
p.(V224L)	0
p.(V224I)	0
p.(V224M)	0
p.(V224V)	0
p.(V224S)	0
p.(V224P)	0
p.(V224T)	0
p.(V224A)	0
p.(V224Y)	0
p.(V224X)	0
p.(V224H)	0
p.(V224Q)	0
p.(V224N)	0
p.(V224K)	0
p.(V224D)	0
p.(V224E)	0
p.(V224C)	0
p.(V224W)	0
p.(V224R)	0
p.(V224G)	0
p.(W227F)	0
p.(W227L)	0
p.(W227I)	0
p.(W227M)	0
p.(W227V)	0
p.(W227S)	0
p.(W227P)	0
p.(W227T)	0
p.(W227A)	0
p.(W227Y)	0
p.(W227X)	0
p.(W227H)	0
p.(W227Q)	0
p.(W227N)	0
p.(W227K)	0
p.(W227D)	0
p.(W227E)	0
p.(W227C)	0
p.(W227W)	0
p.(W227R)	0
p.(W227G)	0
p.(R239F)	0
p.(R239L)	0
p.(R239I)	0
p.(R239M)	0
p.(R239V)	0
p.(R239S)	0
p.(R239P)	0
p.(R239T)	0
p.(R239A)	0
p.(R239Y)	0
p.(R239X)	0
p.(R239H)	0
p.(R239Q)	0
p.(R239N)	0
p.(R239K)	0
p.(R239D)	0
p.(R239E)	0
p.(R239C)	0
p.(R239W)	0
p.(R239R)	0
p.(R239G)	0
p.(F244F)	0
p.(F244L)	0
p.(F244I)	0
p.(F244M)	0
p.(F244V)	0
p.(F244S)	0
p.(F244P)	0
p.(F244T)	0
p.(F244A)	0
p.(F244Y)	0
p.(F244X)	0
p.(F244H)	0
p.(F244Q)	0
p.(F244N)	0
p.(F244K)	0
p.(F244D)	0
p.(F244E)	0
p.(F244C)	0
p.(F244W)	0
p.(F244R)	0
p.(F244G)	0
p.(V254F)	0
p.(V254L)	0
p.(V254I)	0
p.(V254M)	0
p.(V254V)	0
p.(V254S)	0
p.(V254P)	0
p.(V254T)	0
p.(V254A)	0
p.(V254Y)	0
p.(V254X)	0
p.(V254H)	0
p.(V254Q)	0
p.(V254N)	0
p.(V254K)	0
p.(V254D)	0
p.(V254E)	0
p.(V254C)	0
p.(V254W)	0
p.(V254R)	0
p.(V254G)	0
p.(I271F)	0
p.(I271L)	0
p.(I271I)	0
p.(I271M)	0
p.(I271V)	0
p.(I271S)	0
p.(I271P)	0
p.(I271T)	0
p.(I271A)	0
p.(I271Y)	0
p.(I271X)	0
p.(I271H)	0
p.(I271Q)	0
p.(I271N)	0
p.(I271K)	0
p.(I271D)	0
p.(I271E)	0
p.(I271C)	0
p.(I271W)	0
p.(I271R)	0
p.(I271G)	0
p.(R295F)	0
p.(R295L)	0
p.(R295I)	0
p.(R295M)	0
p.(R295V)	0
p.(R295S)	0
p.(R295P)	0
p.(R295T)	0
p.(R295A)	0
p.(R295Y)	0
p.(R295X)	0
p.(R295H)	0
p.(R295Q)	0
p.(R295N)	0
p.(R295K)	0
p.(R295D)	0
p.(R295E)	0
p.(R295C)	0
p.(R295W)	0
p.(R295R)	0
p.(R295G)	0
p.(D306F)	0
p.(D306L)	0
p.(D306I)	0
p.(D306M)	0
p.(D306V)	0
p.(D306S)	0
p.(D306P)	0
p.(D306T)	0
p.(D306A)	0
p.(D306Y)	0
p.(D306X)	0
p.(D306H)	0
p.(D306Q)	0
p.(D306N)	0
p.(D306K)	0
p.(D306D)	0
p.(D306E)	0
p.(D306C)	0
p.(D306W)	0
p.(D306R)	0
p.(D306G)	0
p.(R322F)	0
p.(R322L)	0
p.(R322I)	0
p.(R322M)	0
p.(R322V)	0
p.(R322S)	0
p.(R322P)	0
p.(R322T)	0
p.(R322A)	0
p.(R322Y)	0
p.(R322X)	0
p.(R322H)	0
p.(R322Q)	0
p.(R322N)	0
p.(R322K)	0
p.(R322D)	0
p.(R322E)	0
p.(R322C)	0
p.(R322W)	0
p.(R322R)	0
p.(R322G)	0
p.(Q331F)	0
p.(Q331L)	0
p.(Q331I)	0
p.(Q331M)	0
p.(Q331V)	0
p.(Q331S)	0
p.(Q331P)	0
p.(Q331T)	0
p.(Q331A)	0
p.(Q331Y)	0
p.(Q331X)	0
p.(Q331H)	0
p.(Q331Q)	0
p.(Q331N)	0
p.(Q331K)	0
p.(Q331D)	0
p.(Q331E)	0
p.(Q331C)	0
p.(Q331W)	0
p.(Q331R)	0
p.(Q331G)	0
p.(T332F)	0
p.(T332L)	0
p.(T332I)	0
p.(T332M)	0
p.(T332V)	0
p.(T332S)	0
p.(T332P)	0
p.(T332T)	0
p.(T332A)	0
p.(T332Y)	0
p.(T332X)	0
p.(T332H)	0
p.(T332Q)	0
p.(T332N)	0
p.(T332K)	0
p.(T332D)	0
p.(T332E)	0
p.(T332C)	0
p.(T332W)	0
p.(T332R)	0
p.(T332G)	0
p.(A336F)	0
p.(A336L)	0
p.(A336I)	0
p.(A336M)	0
p.(A336V)	0
p.(A336S)	0
p.(A336P)	0
p.(A336T)	0
p.(A336A)	0
p.(A336Y)	0
p.(A336X)	0
p.(A336H)	0
p.(A336Q)	0
p.(A336N)	0
p.(A336K)	0
p.(A336D)	0
p.(A336E)	0
p.(A336C)	0
p.(A336W)	0
p.(A336R)	0
p.(A336G)	0
p.(V347F)	0
p.(V347L)	0
p.(V347I)	0
p.(V347M)	0
p.(V347V)	0
p.(V347S)	0
p.(V347P)	0
p.(V347T)	0
p.(V347A)	0
p.(V347Y)	0
p.(V347X)	0
p.(V347H)	0
p.(V347Q)	0
p.(V347N)	0
p.(V347K)	0
p.(V347D)	0
p.(V347E)	0
p.(V347C)	0
p.(V347W)	0
p.(V347R)	0
p.(V347G)	0
p.(R373F)	0
p.(R373L)	0
p.(R373I)	0
p.(R373M)	0
p.(R373V)	0
p.(R373S)	0
p.(R373P)	0
p.(R373T)	0
p.(R373A)	0
p.(R373Y)	0
p.(R373X)	0
p.(R373H)	0
p.(R373Q)	0
p.(R373N)	0
p.(R373K)	0
p.(R373D)	0
p.(R373E)	0
p.(R373C)	0
p.(R373W)	0
p.(R373R)	0
p.(R373G)	0
p.(R375F)	0
p.(R375L)	0
p.(R375I)	0
p.(R375M)	0
p.(R375V)	0
p.(R375S)	0
p.(R375P)	0
p.(R375T)	0
p.(R375A)	0
p.(R375Y)	0
p.(R375X)	0
p.(R375H)	0
p.(R375Q)	0
p.(R375N)	0
p.(R375K)	0
p.(R375D)	0
p.(R375E)	0
p.(R375C)	0
p.(R375W)	0
p.(R375R)	0
p.(R375G)	0
p.(D378F)	0
p.(D378L)	0
p.(D378I)	0
p.(D378M)	0
p.(D378V)	0
p.(D378S)	0
p.(D378P)	0
p.(D378T)	0
p.(D378A)	0
p.(D378Y)	0
p.(D378X)	0
p.(D378H)	0
p.(D378Q)	0
p.(D378N)	0
p.(D378K)	0
p.(D378D)	0
p.(D378E)	0
p.(D378C)	0
p.(D378W)	0
p.(D378R)	0
p.(D378G)	0
p.(K383F)	0
p.(K383L)	0
p.(K383I)	0
p.(K383M)	0
p.(K383V)	0
p.(K383S)	0
p.(K383P)	0
p.(K383T)	0
p.(K383A)	0
p.(K383Y)	0
p.(K383X)	0
p.(K383H)	0
p.(K383Q)	0
p.(K383N)	0
p.(K383K)	0
p.(K383D)	0
p.(K383E)	0
p.(K383C)	0
p.(K383W)	0
p.(K383R)	0
p.(K383G)	0
p.(W385F)	0
p.(W385L)	0
p.(W385I)	0
p.(W385M)	0
p.(W385V)	0
p.(W385S)	0
p.(W385P)	0
p.(W385T)	0
p.(W385A)	0
p.(W385Y)	0
p.(W385X)	0
p.(W385H)	0
p.(W385Q)	0
p.(W385N)	0
p.(W385K)	0
p.(W385D)	0
p.(W385E)	0
p.(W385C)	0
p.(W385W)	0
p.(W385R)	0
p.(W385G)	0
p.(Y391F)	0
p.(Y391L)	0
p.(Y391I)	0
p.(Y391M)	0
p.(Y391V)	0
p.(Y391S)	0
p.(Y391P)	0
p.(Y391T)	0
p.(Y391A)	0
p.(Y391Y)	0
p.(Y391X)	0
p.(Y391H)	0
p.(Y391Q)	0
p.(Y391N)	0
p.(Y391K)	0
p.(Y391D)	0
p.(Y391E)	0
p.(Y391C)	0
p.(Y391W)	0
p.(Y391R)	0
p.(Y391G)	0
p.(I403F)	0
p.(I403L)	0
p.(I403I)	0
p.(I403M)	0
p.(I403V)	0
p.(I403S)	0
p.(I403P)	0
p.(I403T)	0
p.(I403A)	0
p.(I403Y)	0
p.(I403X)	0
p.(I403H)	0
p.(I403Q)	0
p.(I403N)	0
p.(I403K)	0
p.(I403D)	0
p.(I403E)	0
p.(I403C)	0
p.(I403W)	0
p.(I403R)	0
p.(I403G)	0
_wt	370